Nombre,Departamento,Provincia,Distrito,Direccion,Estado,Capacidad operativa,Fecha de Publicación,Proyecto,Url,Url Img,Fuente,Tipo Cdi,area,Descripcio,Ccpp,Operador,Fecha Doc,Id Entidad,Id Documento,Id Documento1,Observaciones,Departamento,Provincia,Distrito
La Victoria,Lima,Lima,La Victoria,Sin dato,-,Sin dato,,Sin dato,,,CGBVP,Bomberos,,,,,,,,,,,,
Breña,Lima,Lima,Breña,Sin dato,-,Sin dato,,Sin dato,,,CGBVP,Bomberos,,,,,,,,,,,,
Pueblo Libre,Lima,Lima,Pueblo Libre,Sin dato,-,Sin dato,,Sin dato,,,CGBVP,Bomberos,,,,,,,,,,,,
Ate,Lima,Lima,Ate,Sin dato,-,Sin dato,,Sin dato,,,CGBVP,Bomberos,,,,,,,,,,,,
Jesus Maria,Lima,Lima,Jesus Maria,Sin dato,-,Sin dato,,Sin dato,,,CGBVP,Bomberos,,,,,,,,,,,,
La Perla,Callao,Callao,La Perla,Sin dato,-,Sin dato,,Sin dato,,,CGBVP,Bomberos,,,,,,,,,,,,
Bellavista,Callao,Callao,Bellavista,Sin dato,-,Sin dato,,Sin dato,,,CGBVP,Bomberos,,,,,,,,,,,,
La Molina,Lima,Lima,La Molina,Sin dato,-,Sin dato,,Sin dato,,,CGBVP,Bomberos,,,,,,,,,,,,
Lince,Lima,Lima,Lince,Sin dato,-,Sin dato,,Sin dato,,,CGBVP,Bomberos,,,,,,,,,,,,
Bellavista,Callao,Callao,Bellavista,Sin dato,-,Sin dato,,Sin dato,,,CGBVP,Bomberos,,,,,,,,,,,,
Callao,Callao,Callao,Bellavista,Jr. Los Heros Nro. 151,,137,,,,,PNP_INEI,,,,,,,,,,,CALLAO,CALLAO,BELLAVISTA
Garibaldi,Callao,Callao,La Perla,Av. La Marina (Alt. Cdra. 40),,218,,,,,PNP_INEI,,,,,,,,,,,CALLAO,CALLAO,LA PERLA
La molina,Lima,Lima,La Molina,Jr. La Chalana N° 195 Mz. A Lt. A4. Urb. Club Campestre Las Lagunas de La Molina III Etapa,,142,,,,,PNP_INEI,,,,,,,,,,,LIMA,LIMA,LA MOLINA
CPNP Salamanca,Lima,Lima,Ate,Sin dato,-,,1.6665E+12,Perú: VI Censo Nacional de Comisarías 2017 - Resultados definitivos,https://sigrid.cenepred.gob.pe/sigridv3/documento/14764,https://sigrid.cenepred.gob.pe/sigridv3/storage/biblioteca/14764_img.jpg,PNP_INEI,Comisarias,,,,Ccampos,,,,,Aprobado con Resolución de Direccion General de la Policía Nacional N° 276-2018-DIRGEN/SUB.DG-PNP 23JUL2018,,,
CPNP Yerbateros,Lima,Lima,San luis,Sin dato,-,,1.6665E+12,Perú: VI Censo Nacional de Comisarías 2017 - Resultados definitivos,https://sigrid.cenepred.gob.pe/sigridv3/documento/14764,https://sigrid.cenepred.gob.pe/sigridv3/storage/biblioteca/14764_img.jpg,PNP_INEI,Comisarias,,,,Ccampos,,,,,Aprobado con Resolución de Direccion General de la Policía Nacional N° 276-2018-DIRGEN/SUB.DG-PNP 23JUL2018,,,
CPNP Apolo,Lima,Lima,La Victoria,Sin dato,-,,1.6665E+12,Perú: VI Censo Nacional de Comisarías 2017 - Resultados definitivos,https://sigrid.cenepred.gob.pe/sigridv3/documento/14764,https://sigrid.cenepred.gob.pe/sigridv3/storage/biblioteca/14764_img.jpg,PNP_INEI,Comisarias,,,,Ccampos,,,,,Aprobado con Resolución de Direccion General de la Policía Nacional N° 276-2018-DIRGEN/SUB.DG-PNP 23JUL2018,,,
CPNP La victoria,Lima,Lima,La victoria,Sin dato,-,,1.6665E+12,Perú: VI Censo Nacional de Comisarías 2017 - Resultados definitivos,https://sigrid.cenepred.gob.pe/sigridv3/documento/14764,https://sigrid.cenepred.gob.pe/sigridv3/storage/biblioteca/14764_img.jpg,PNP_INEI,Comisarias,,,,Ccampos,,,,,Aprobado con Resolución de Direccion General de la Policía Nacional N° 276-2018-DIRGEN/SUB.DG-PNP 23JUL2018,,,
CPNP Lince,Lima,Lima,Lince,Sin dato,-,,1.6665E+12,Perú: VI Censo Nacional de Comisarías 2017 - Resultados definitivos,https://sigrid.cenepred.gob.pe/sigridv3/documento/14764,https://sigrid.cenepred.gob.pe/sigridv3/storage/biblioteca/14764_img.jpg,PNP_INEI,Comisarias,,,,Ccampos,,,,,Aprobado con Resolución de Direccion General de la Policía Nacional N° 276-2018-DIRGEN/SUB.DG-PNP 23JUL2018,,,
CPNP San luis,Lima,Lima,San luis,Sin dato,-,,1.6665E+12,Perú: VI Censo Nacional de Comisarías 2017 - Resultados definitivos,https://sigrid.cenepred.gob.pe/sigridv3/documento/14764,https://sigrid.cenepred.gob.pe/sigridv3/storage/biblioteca/14764_img.jpg,PNP_INEI,Comisarias,,,,Ccampos,,,,,Aprobado con Resolución de Direccion General de la Policía Nacional N° 276-2018-DIRGEN/SUB.DG-PNP 23JUL2018,,,
CPNP San pedro,Lima,Lima,El Agustino,Sin dato,-,,1.6665E+12,Perú: VI Censo Nacional de Comisarías 2017 - Resultados definitivos,https://sigrid.cenepred.gob.pe/sigridv3/documento/14764,https://sigrid.cenepred.gob.pe/sigridv3/storage/biblioteca/14764_img.jpg,PNP_INEI,Comisarias,,,,Ccampos,,,,,Aprobado con Resolución de Direccion General de la Policía Nacional N° 276-2018-DIRGEN/SUB.DG-PNP 23JUL2018,,,
CPNP San cosme,Lima,Lima,La victoria,Sin dato,-,,1.6665E+12,Perú: VI Censo Nacional de Comisarías 2017 - Resultados definitivos,https://sigrid.cenepred.gob.pe/sigridv3/documento/14764,https://sigrid.cenepred.gob.pe/sigridv3/storage/biblioteca/14764_img.jpg,PNP_INEI,Comisarias,,,,Ccampos,,,,,Aprobado con Resolución de Direccion General de la Policía Nacional N° 276-2018-DIRGEN/SUB.DG-PNP 23JUL2018,,,
CPNP Jesus maria,Lima,Lima,Jesus Maria,Sin dato,-,,1.6665E+12,Perú: VI Censo Nacional de Comisarías 2017 - Resultados definitivos,https://sigrid.cenepred.gob.pe/sigridv3/documento/14764,https://sigrid.cenepred.gob.pe/sigridv3/storage/biblioteca/14764_img.jpg,PNP_INEI,Comisarias,,,,Ccampos,,,,,Aprobado con Resolución de Direccion General de la Policía Nacional N° 276-2018-DIRGEN/SUB.DG-PNP 23JUL2018,,,
CPNP La molina,Lima,Lima,La Molina,Sin dato,-,,1.6665E+12,Perú: VI Censo Nacional de Comisarías 2017 - Resultados definitivos,https://sigrid.cenepred.gob.pe/sigridv3/documento/14764,https://sigrid.cenepred.gob.pe/sigridv3/storage/biblioteca/14764_img.jpg,PNP_INEI,Comisarias,,,,Ccampos,,,,,Aprobado con Resolución de Direccion General de la Policía Nacional N° 276-2018-DIRGEN/SUB.DG-PNP 23JUL2018,,,
CPNP Petit thouars,Lima,Lima,Lima,Sin dato,-,,1.6665E+12,Perú: VI Censo Nacional de Comisarías 2017 - Resultados definitivos,https://sigrid.cenepred.gob.pe/sigridv3/documento/14764,https://sigrid.cenepred.gob.pe/sigridv3/storage/biblioteca/14764_img.jpg,PNP_INEI,Comisarias,,,,Ccampos,,,,,Aprobado con Resolución de Direccion General de la Policía Nacional N° 276-2018-DIRGEN/SUB.DG-PNP 23JUL2018,,,
CPNP Palomino,Lima,Lima,Lima,Sin dato,-,,1.6665E+12,Perú: VI Censo Nacional de Comisarías 2017 - Resultados definitivos,https://sigrid.cenepred.gob.pe/sigridv3/documento/14764,https://sigrid.cenepred.gob.pe/sigridv3/storage/biblioteca/14764_img.jpg,PNP_INEI,Comisarias,,,,Ccampos,,,,,Aprobado con Resolución de Direccion General de la Policía Nacional N° 276-2018-DIRGEN/SUB.DG-PNP 23JUL2018,,,
CPNP La perla,Callao,Callao,La perla,Sin dato,-,,1.6665E+12,Perú: VI Censo Nacional de Comisarías 2017 - Resultados definitivos,https://sigrid.cenepred.gob.pe/sigridv3/documento/14764,https://sigrid.cenepred.gob.pe/sigridv3/storage/biblioteca/14764_img.jpg,PNP_INEI,Comisarias,,,,Ccampos,,,,,Aprobado con Resolución de Direccion General de la Policía Nacional N° 276-2018-DIRGEN/SUB.DG-PNP 23JUL2018,,,
CPNP Bellavista,Callao,Callao,Bellavista,Sin dato,-,,1.6665E+12,Perú: VI Censo Nacional de Comisarías 2017 - Resultados definitivos,https://sigrid.cenepred.gob.pe/sigridv3/documento/14764,https://sigrid.cenepred.gob.pe/sigridv3/storage/biblioteca/14764_img.jpg,PNP_INEI,Comisarias,,,,Ccampos,,,,,Aprobado con Resolución de Direccion General de la Policía Nacional N° 276-2018-DIRGEN/SUB.DG-PNP 23JUL2018,,,
Lima,Lima,Lima,Lince,Jr. Manuel Candamo No. 455,,146,,,,,PNP_INEI,,,,,,,,,,,LIMA,LIMA,LINCE
Victoria,Lima,Lima,La Victoria,Av. Manuel Cisneros No. 597,,168,,,,,PNP_INEI,,,,,,,,,,,LIMA,LIMA,LA VICTORIA
Internacional,Lima,Lima,Breña,Jr. Rebeca Oquendo No. 360,,214,,,,,PNP_INEI,,,,,,,,,,,LIMA,LIMA,BREÑA
Magdalena,Lima,Lima,Pueblo Libre,Av. Sucre No. 899,,209,,,,,PNP_INEI,,,,,,,,,,,LIMA,LIMA,PUEBLO LIBRE
Salamanca,Lima,Lima,Ate,Las Dalias No. 180 Parque de Monterrico,,121,,,,,PNP_INEI,,,,,,,,,,,LIMA,LIMA,ATE
Brigadier cbp waldo hernan olivos villarreal,Lima,Lima,Jesus Maria,"Jirón Capac Yupanqui, cuadra 16",,122,,,,,PNP_INEI,,,,,,,,,,,LIMA,LIMA,JESUS MARIA
Antonio Alarco Espinosa,Callao,Callao,Bellavista,Jr. Condores Nro. 591,,152,,,,,PNP_INEI,,,,,,,,,,,CALLAO,CALLAO,BELLAVISTA
CPNP Breña,Lima,Lima,Breña,Sin dato,-,,1.6665E+12,Perú: VI Censo Nacional de Comisarías 2017 - Resultados definitivos,https://sigrid.cenepred.gob.pe/sigridv3/documento/14764,https://sigrid.cenepred.gob.pe/sigridv3/storage/biblioteca/14764_img.jpg,PNP_INEI,Comisarias,,,,Ccampos,,,,,Aprobado con Resolución de Direccion General de la Policía Nacional N° 276-2018-DIRGEN/SUB.DG-PNP 23JUL2018,,,
CPNP Pueblo libre,Lima,Lima,Pueblo libre,Sin dato,-,,1.6665E+12,Perú: VI Censo Nacional de Comisarías 2017 - Resultados definitivos,https://sigrid.cenepred.gob.pe/sigridv3/documento/14764,https://sigrid.cenepred.gob.pe/sigridv3/storage/biblioteca/14764_img.jpg,PNP_INEI,Comisarias,,,,Ccampos,,,,,Aprobado con Resolución de Direccion General de la Policía Nacional N° 276-2018-DIRGEN/SUB.DG-PNP 23JUL2018,,,
CPNP Santa felicia,Lima,Lima,La Molina,Sin dato,-,,1.6665E+12,Perú: VI Censo Nacional de Comisarías 2017 - Resultados definitivos,https://sigrid.cenepred.gob.pe/sigridv3/documento/14764,https://sigrid.cenepred.gob.pe/sigridv3/storage/biblioteca/14764_img.jpg,PNP_INEI,Comisarias,,,,Ccampos,,,,,Aprobado con Resolución de Direccion General de la Policía Nacional N° 276-2018-DIRGEN/SUB.DG-PNP 23JUL2018,,,
CPNP Maranga,Lima,Lima,San Miguel,Sin dato,-,,1.6665E+12,Perú: VI Censo Nacional de Comisarías 2017 - Resultados definitivos,https://sigrid.cenepred.gob.pe/sigridv3/documento/14764,https://sigrid.cenepred.gob.pe/sigridv3/storage/biblioteca/14764_img.jpg,PNP_INEI,Comisarias,,,,Ccampos,,,,,Aprobado con Resolución de Direccion General de la Policía Nacional N° 276-2018-DIRGEN/SUB.DG-PNP 23JUL2018,,,
Carabayllo,Lima,Lima,Carabayllo,Sin dato,-,Sin dato,,Sin dato,,,CGBVP,Bomberos,,,,,,,,,,,,
Comas,Lima,Lima,Comas,Sin dato,-,Sin dato,,Sin dato,,,CGBVP,Bomberos,,,,,,,,,,,,
Comas,Lima,Lima,Comas,Manuel Aranguri No. 699,,157,,,,,PNP_INEI,,,,,,,,,,,LIMA,LIMA,COMAS
CPNP Pro,Lima,Lima,Los olivos,Sin dato,-,,1.6665E+12,Perú: VI Censo Nacional de Comisarías 2017 - Resultados definitivos,https://sigrid.cenepred.gob.pe/sigridv3/documento/14764,https://sigrid.cenepred.gob.pe/sigridv3/storage/biblioteca/14764_img.jpg,PNP_INEI,Comisarias,,,,Ccampos,,,,,Aprobado con Resolución de Direccion General de la Policía Nacional N° 276-2018-DIRGEN/SUB.DG-PNP 23JUL2018,,,
Tecnico Lorenzo Giraldo Vega,Callao,Callao,Ventanilla,Ca. Las Palomas Mz C Lt 09,,117,,,,,PNP_INEI,,,,,,,,,,,CALLAO,CALLAO,VENTANILLA
Carabayllo,Lima,Lima,Carabayllo,"Jr. No me Olvides s/n, Urb. Santa Isabel",,94,,,,,PNP_INEI,,,,,,,,,,,LIMA,LIMA,CARABAYLLO
La Perla,Callao,Callao,La Perla,Sin dato,-,Sin dato,,Sin dato,,,CGBVP,Bomberos,,,,,,,,,,,,
La Perla,Callao,Callao,La Perla,Sin dato,-,Sin dato,,Sin dato,,,CGBVP,Bomberos,,,,,,,,,,,,
La Perla,Callao,Callao,La Perla,Sin dato,-,Sin dato,,Sin dato,,,CGBVP,Bomberos,,,,,,,,,,,,
San Martin De Porres,Lima,Lima,San Martin De Porres,Sin dato,-,Sin dato,,Sin dato,,,CGBVP,Bomberos,,,,,,,,,,,,
Independencia,Lima,Lima,Independencia,Sin dato,-,Sin dato,,Sin dato,,,CGBVP,Bomberos,,,,,,,,,,,,
Puente Piedra,Lima,Lima,Puente Piedra,Sin dato,-,Sin dato,,Sin dato,,,CGBVP,Bomberos,,,,,,,,,,,,
Los Olivos,Lima,Lima,Los Olivos,Sin dato,-,Sin dato,,Sin dato,,,CGBVP,Bomberos,,,,,,,,,,,,
 ,Lima,Callao,Callao,ELMER FAUCAETT, ,-,1.64972E+12,,,,INDECI,Almacenes,,,,Ccampos,10/03/2022,,,,Subido por Ccampos según información enviada por INDECI 2022,,,
San martin de porres,Lima,Lima,San Martin de Porres,Jr. San Lucas Nº 401 1era entrada Pallao,,176,,,,,PNP_INEI,,,,,,,,,,,LIMA,LIMA,SAN MARTIN DE PORRES
Independencia,Lima,Lima,Independencia,Jr. Los Tumbos 1ra Cdra S/N,,110,,,,,PNP_INEI,,,,,,,,,,,LIMA,LIMA,INDEPENDENCIA
CPNP Sol de oro,Lima,Lima,Los olivos,Sin dato,-,,1.6665E+12,Perú: VI Censo Nacional de Comisarías 2017 - Resultados definitivos,https://sigrid.cenepred.gob.pe/sigridv3/documento/14764,https://sigrid.cenepred.gob.pe/sigridv3/storage/biblioteca/14764_img.jpg,PNP_INEI,Comisarias,,,,Ccampos,,,,,Aprobado con Resolución de Direccion General de la Policía Nacional N° 276-2018-DIRGEN/SUB.DG-PNP 23JUL2018,,,
CPNP Puente piedra,Lima,Lima,Puente piedra,Sin dato,-,,1.6665E+12,Perú: VI Censo Nacional de Comisarías 2017 - Resultados definitivos,https://sigrid.cenepred.gob.pe/sigridv3/documento/14764,https://sigrid.cenepred.gob.pe/sigridv3/storage/biblioteca/14764_img.jpg,PNP_INEI,Comisarias,,,,Ccampos,,,,,Aprobado con Resolución de Direccion General de la Policía Nacional N° 276-2018-DIRGEN/SUB.DG-PNP 23JUL2018,,,
CPNP Zapallal,Lima,Lima,Puente Piedra,Sin dato,-,,1.6665E+12,Perú: VI Censo Nacional de Comisarías 2017 - Resultados definitivos,https://sigrid.cenepred.gob.pe/sigridv3/documento/14764,https://sigrid.cenepred.gob.pe/sigridv3/storage/biblioteca/14764_img.jpg,PNP_INEI,Comisarias,,,,Ccampos,,,,,Aprobado con Resolución de Direccion General de la Policía Nacional N° 276-2018-DIRGEN/SUB.DG-PNP 23JUL2018,,,
CPNP La ensenada,Lima,Lima,Puente Piedra,Sin dato,-,,1.6665E+12,Perú: VI Censo Nacional de Comisarías 2017 - Resultados definitivos,https://sigrid.cenepred.gob.pe/sigridv3/documento/14764,https://sigrid.cenepred.gob.pe/sigridv3/storage/biblioteca/14764_img.jpg,PNP_INEI,Comisarias,,,,Ccampos,,,,,Aprobado con Resolución de Direccion General de la Policía Nacional N° 276-2018-DIRGEN/SUB.DG-PNP 23JUL2018,,,
CPNP Barboncitos,Lima,Lima,San martin de porres,Sin dato,-,,1.6665E+12,Perú: VI Censo Nacional de Comisarías 2017 - Resultados definitivos,https://sigrid.cenepred.gob.pe/sigridv3/documento/14764,https://sigrid.cenepred.gob.pe/sigridv3/storage/biblioteca/14764_img.jpg,PNP_INEI,Comisarias,,,,Ccampos,,,,,Aprobado con Resolución de Direccion General de la Policía Nacional N° 276-2018-DIRGEN/SUB.DG-PNP 23JUL2018,,,
CPNP San martin de porres,Lima,Lima,San martin de porres,Sin dato,-,,1.6665E+12,Perú: VI Censo Nacional de Comisarías 2017 - Resultados definitivos,https://sigrid.cenepred.gob.pe/sigridv3/documento/14764,https://sigrid.cenepred.gob.pe/sigridv3/storage/biblioteca/14764_img.jpg,PNP_INEI,Comisarias,,,,Ccampos,,,,,Aprobado con Resolución de Direccion General de la Policía Nacional N° 276-2018-DIRGEN/SUB.DG-PNP 23JUL2018,,,
CPNP El manzano,Lima,Lima,Rimac,Sin dato,-,,1.6665E+12,Perú: VI Censo Nacional de Comisarías 2017 - Resultados definitivos,https://sigrid.cenepred.gob.pe/sigridv3/documento/14764,https://sigrid.cenepred.gob.pe/sigridv3/storage/biblioteca/14764_img.jpg,PNP_INEI,Comisarias,,,,Ccampos,,,,,Aprobado con Resolución de Direccion General de la Policía Nacional N° 276-2018-DIRGEN/SUB.DG-PNP 23JUL2018,,,
CPNP Bocanegra,Callao,Callao,Callao,Sin dato,-,,1.6665E+12,Perú: VI Censo Nacional de Comisarías 2017 - Resultados definitivos,https://sigrid.cenepred.gob.pe/sigridv3/documento/14764,https://sigrid.cenepred.gob.pe/sigridv3/storage/biblioteca/14764_img.jpg,PNP_INEI,Comisarias,,,,Ccampos,,,,,Aprobado con Resolución de Direccion General de la Policía Nacional N° 276-2018-DIRGEN/SUB.DG-PNP 23JUL2018,,,
CPNP Mi peru,Callao,Callao,Mi Perú,Sin dato,-,,1.6665E+12,Perú: VI Censo Nacional de Comisarías 2017 - Resultados definitivos,https://sigrid.cenepred.gob.pe/sigridv3/documento/14764,https://sigrid.cenepred.gob.pe/sigridv3/storage/biblioteca/14764_img.jpg,PNP_INEI,Comisarias,,,,Ccampos,,,,,Aprobado con Resolución de Direccion General de la Policía Nacional N° 276-2018-DIRGEN/SUB.DG-PNP 23JUL2018,,,
CPNP Pachacutec,Callao,Callao,Ventanilla,Sin dato,-,,1.6665E+12,Perú: VI Censo Nacional de Comisarías 2017 - Resultados definitivos,https://sigrid.cenepred.gob.pe/sigridv3/documento/14764,https://sigrid.cenepred.gob.pe/sigridv3/storage/biblioteca/14764_img.jpg,PNP_INEI,Comisarias,,,,Ccampos,,,,,Aprobado con Resolución de Direccion General de la Policía Nacional N° 276-2018-DIRGEN/SUB.DG-PNP 23JUL2018,,,
CPNP Villa los reyes,Callao,Callao,Ventanilla,Sin dato,-,,1.6665E+12,Perú: VI Censo Nacional de Comisarías 2017 - Resultados definitivos,https://sigrid.cenepred.gob.pe/sigridv3/documento/14764,https://sigrid.cenepred.gob.pe/sigridv3/storage/biblioteca/14764_img.jpg,PNP_INEI,Comisarias,,,,Ccampos,,,,,Aprobado con Resolución de Direccion General de la Policía Nacional N° 276-2018-DIRGEN/SUB.DG-PNP 23JUL2018,,,
CPNP La pascana,Lima,Lima,Comas,Sin dato,-,,1.6665E+12,Perú: VI Censo Nacional de Comisarías 2017 - Resultados definitivos,https://sigrid.cenepred.gob.pe/sigridv3/documento/14764,https://sigrid.cenepred.gob.pe/sigridv3/storage/biblioteca/14764_img.jpg,PNP_INEI,Comisarias,,,,Ccampos,,,,,Aprobado con Resolución de Direccion General de la Policía Nacional N° 276-2018-DIRGEN/SUB.DG-PNP 23JUL2018,,,
CPNP Santa luzmila,Lima,Lima,Comas,Sin dato,-,,1.6665E+12,Perú: VI Censo Nacional de Comisarías 2017 - Resultados definitivos,https://sigrid.cenepred.gob.pe/sigridv3/documento/14764,https://sigrid.cenepred.gob.pe/sigridv3/storage/biblioteca/14764_img.jpg,PNP_INEI,Comisarias,,,,Ccampos,,,,,Aprobado con Resolución de Direccion General de la Policía Nacional N° 276-2018-DIRGEN/SUB.DG-PNP 23JUL2018,,,
CPNP Universitaria,Lima,Lima,Comas,Sin dato,-,,1.6665E+12,Perú: VI Censo Nacional de Comisarías 2017 - Resultados definitivos,https://sigrid.cenepred.gob.pe/sigridv3/documento/14764,https://sigrid.cenepred.gob.pe/sigridv3/storage/biblioteca/14764_img.jpg,PNP_INEI,Comisarias,,,,Ccampos,,,,,Aprobado con Resolución de Direccion General de la Policía Nacional N° 276-2018-DIRGEN/SUB.DG-PNP 23JUL2018,,,
CPNP Tupac amaru,Lima,Lima,Comas,Sin dato,-,,1.6665E+12,Perú: VI Censo Nacional de Comisarías 2017 - Resultados definitivos,https://sigrid.cenepred.gob.pe/sigridv3/documento/14764,https://sigrid.cenepred.gob.pe/sigridv3/storage/biblioteca/14764_img.jpg,PNP_INEI,Comisarias,,,,Ccampos,,,,,Aprobado con Resolución de Direccion General de la Policía Nacional N° 276-2018-DIRGEN/SUB.DG-PNP 23JUL2018,,,
CPNP Independencia,Lima,Lima,Independencia,Sin dato,-,,1.6665E+12,Perú: VI Censo Nacional de Comisarías 2017 - Resultados definitivos,https://sigrid.cenepred.gob.pe/sigridv3/documento/14764,https://sigrid.cenepred.gob.pe/sigridv3/storage/biblioteca/14764_img.jpg,PNP_INEI,Comisarias,,,,Ccampos,,,,,Aprobado con Resolución de Direccion General de la Policía Nacional N° 276-2018-DIRGEN/SUB.DG-PNP 23JUL2018,,,
CPNP Payet,Lima,Lima,Independencia,Sin dato,-,,1.6665E+12,Perú: VI Censo Nacional de Comisarías 2017 - Resultados definitivos,https://sigrid.cenepred.gob.pe/sigridv3/documento/14764,https://sigrid.cenepred.gob.pe/sigridv3/storage/biblioteca/14764_img.jpg,PNP_INEI,Comisarias,,,,Ccampos,,,,,Aprobado con Resolución de Direccion General de la Policía Nacional N° 276-2018-DIRGEN/SUB.DG-PNP 23JUL2018,,,
CPNP Laura caller iberico,Lima,Lima,Los olivos,Sin dato,-,,1.6665E+12,Perú: VI Censo Nacional de Comisarías 2017 - Resultados definitivos,https://sigrid.cenepred.gob.pe/sigridv3/documento/14764,https://sigrid.cenepred.gob.pe/sigridv3/storage/biblioteca/14764_img.jpg,PNP_INEI,Comisarias,,,,Ccampos,,,,,Aprobado con Resolución de Direccion General de la Policía Nacional N° 276-2018-DIRGEN/SUB.DG-PNP 23JUL2018,,,
CPNP Oquendo,Callao,Callao,Callao,Sin dato,-,,1.6665E+12,Perú: VI Censo Nacional de Comisarías 2017 - Resultados definitivos,https://sigrid.cenepred.gob.pe/sigridv3/documento/14764,https://sigrid.cenepred.gob.pe/sigridv3/storage/biblioteca/14764_img.jpg,PNP_INEI,Comisarias,,,,Ccampos,,,,,Aprobado con Resolución de Direccion General de la Policía Nacional N° 276-2018-DIRGEN/SUB.DG-PNP 23JUL2018,,,
CPNP Ventanilla,Callao,Callao,Ventanilla,Sin dato,-,,1.6665E+12,Perú: VI Censo Nacional de Comisarías 2017 - Resultados definitivos,https://sigrid.cenepred.gob.pe/sigridv3/documento/14764,https://sigrid.cenepred.gob.pe/sigridv3/storage/biblioteca/14764_img.jpg,PNP_INEI,Comisarias,,,,Ccampos,,,,,Aprobado con Resolución de Direccion General de la Policía Nacional N° 276-2018-DIRGEN/SUB.DG-PNP 23JUL2018,,,
Brigadier CBP Alejandro Reyes Leon,Callao,Callao,Mi Peru,Av. Puno S/N,,41,,,,,PNP_INEI,,,,,,,,,,,CALLAO,CALLAO,MI PERU
CPNP Marquez,Callao,Callao,Callao,Sin dato,-,,1.6665E+12,Perú: VI Censo Nacional de Comisarías 2017 - Resultados definitivos,https://sigrid.cenepred.gob.pe/sigridv3/documento/14764,https://sigrid.cenepred.gob.pe/sigridv3/storage/biblioteca/14764_img.jpg,PNP_INEI,Comisarias,,,,Ccampos,,,,,Aprobado con Resolución de Direccion General de la Policía Nacional N° 276-2018-DIRGEN/SUB.DG-PNP 23JUL2018,,,
Salvadora Callao,Callao,Callao,Callao,Ca. Misionero San Martin,,154,,,,,PNP_INEI,,,,,,,,,,,CALLAO,CALLAO,CALLAO
Adolfo Martin King Leoane,Callao,Callao,Ventanilla,Av. Panama Mz K Lt 1,,33,,,,,PNP_INEI,,,,,,,,,,,CALLAO,CALLAO,VENTANILLA
Pachacutec,Callao,Callao,Ventanilla,Pachacutec Mz A Lt 2A,,22,,,,,PNP_INEI,,,,,,,,,,,CALLAO,CALLAO,VENTANILLA
Brig. julio ipiachihua cardenas,Lima,Lima,Puente Piedra,José Gálvez No. 315,,95,,,,,PNP_INEI,,,,,,,,,,,LIMA,LIMA,PUENTE PIEDRA
CPNP Santa isabel,Lima,Lima,Carabayllo,Sin dato,-,,1.6665E+12,Perú: VI Censo Nacional de Comisarías 2017 - Resultados definitivos,https://sigrid.cenepred.gob.pe/sigridv3/documento/14764,https://sigrid.cenepred.gob.pe/sigridv3/storage/biblioteca/14764_img.jpg,PNP_INEI,Comisarias,,,,Ccampos,,,,,Aprobado con Resolución de Direccion General de la Policía Nacional N° 276-2018-DIRGEN/SUB.DG-PNP 23JUL2018,,,
CPNP Carabayllo,Lima,Lima,Carabayllo,Sin dato,-,,1.6665E+12,Perú: VI Censo Nacional de Comisarías 2017 - Resultados definitivos,https://sigrid.cenepred.gob.pe/sigridv3/documento/14764,https://sigrid.cenepred.gob.pe/sigridv3/storage/biblioteca/14764_img.jpg,PNP_INEI,Comisarias,,,,Ccampos,,,,,Aprobado con Resolución de Direccion General de la Policía Nacional N° 276-2018-DIRGEN/SUB.DG-PNP 23JUL2018,,,
San Miguel,Lima,Lima,San Miguel,Sin dato,-,Sin dato,,Sin dato,,,CGBVP,Bomberos,,,,,,,,,,,,
San Isidro,Lima,Lima,San Isidro,Sin dato,-,Sin dato,,Sin dato,,,CGBVP,Bomberos,,,,,,,,,,,,
San Borja,Lima,Lima,San Borja,Sin dato,-,Sin dato,,Sin dato,,,CGBVP,Bomberos,,,,,,,,,,,,
Miraflores,Lima,Lima,Miraflores,Sin dato,-,Sin dato,,Sin dato,,,CGBVP,Bomberos,,,,,,,,,,,,
Cosmopolita,Lima,Lima,San borja,Calle Galeno S/N,,171,,,,,PNP_INEI,,,,,,,,,,,LIMA,LIMA,SAN BORJA
Miraflores,Lima,Lima,Miraflores,Av. Mariscal Caceres No. 170,,204,,,,,PNP_INEI,,,,,,,,,,,LIMA,LIMA,MIRAFLORES
CPNP Miraflores,Lima,Lima,Miraflores,Sin dato,-,,1.6665E+12,Perú: VI Censo Nacional de Comisarías 2017 - Resultados definitivos,https://sigrid.cenepred.gob.pe/sigridv3/documento/14764,https://sigrid.cenepred.gob.pe/sigridv3/storage/biblioteca/14764_img.jpg,PNP_INEI,Comisarias,,,,Ccampos,,,,,Aprobado con Resolución de Direccion General de la Policía Nacional N° 276-2018-DIRGEN/SUB.DG-PNP 23JUL2018,,,
CPNP San antonio miraflores,Lima,Lima,Surquillo,Sin dato,-,,1.6665E+12,Perú: VI Censo Nacional de Comisarías 2017 - Resultados definitivos,https://sigrid.cenepred.gob.pe/sigridv3/documento/14764,https://sigrid.cenepred.gob.pe/sigridv3/storage/biblioteca/14764_img.jpg,PNP_INEI,Comisarias,,,,Ccampos,,,,,Aprobado con Resolución de Direccion General de la Policía Nacional N° 276-2018-DIRGEN/SUB.DG-PNP 23JUL2018,,,
CPNP San borja,Lima,Lima,San Borja,Sin dato,-,,1.6665E+12,Perú: VI Censo Nacional de Comisarías 2017 - Resultados definitivos,https://sigrid.cenepred.gob.pe/sigridv3/documento/14764,https://sigrid.cenepred.gob.pe/sigridv3/storage/biblioteca/14764_img.jpg,PNP_INEI,Comisarias,,,,Ccampos,,,,,Aprobado con Resolución de Direccion General de la Policía Nacional N° 276-2018-DIRGEN/SUB.DG-PNP 23JUL2018,,,
CPNP Pamplona ii,Lima,Lima,San juan de miraflores,Sin dato,-,,1.6665E+12,Perú: VI Censo Nacional de Comisarías 2017 - Resultados definitivos,https://sigrid.cenepred.gob.pe/sigridv3/documento/14764,https://sigrid.cenepred.gob.pe/sigridv3/storage/biblioteca/14764_img.jpg,PNP_INEI,Comisarias,,,,Ccampos,,,,,Aprobado con Resolución de Direccion General de la Policía Nacional N° 276-2018-DIRGEN/SUB.DG-PNP 23JUL2018,,,
CPNP San miguel,Lima,Lima,San miguel,Sin dato,-,,1.6665E+12,Perú: VI Censo Nacional de Comisarías 2017 - Resultados definitivos,https://sigrid.cenepred.gob.pe/sigridv3/documento/14764,https://sigrid.cenepred.gob.pe/sigridv3/storage/biblioteca/14764_img.jpg,PNP_INEI,Comisarias,,,,Ccampos,,,,,Aprobado con Resolución de Direccion General de la Policía Nacional N° 276-2018-DIRGEN/SUB.DG-PNP 23JUL2018,,,
CPNP Chacarilla del estanque,Lima,Lima,San borja,Sin dato,-,,1.6665E+12,Perú: VI Censo Nacional de Comisarías 2017 - Resultados definitivos,https://sigrid.cenepred.gob.pe/sigridv3/documento/14764,https://sigrid.cenepred.gob.pe/sigridv3/storage/biblioteca/14764_img.jpg,PNP_INEI,Comisarias,,,,Ccampos,,,,,Aprobado con Resolución de Direccion General de la Policía Nacional N° 276-2018-DIRGEN/SUB.DG-PNP 23JUL2018,,,
CPNP Monterrico,Lima,Lima,Santiago de surco,Sin dato,-,,1.6665E+12,Perú: VI Censo Nacional de Comisarías 2017 - Resultados definitivos,https://sigrid.cenepred.gob.pe/sigridv3/documento/14764,https://sigrid.cenepred.gob.pe/sigridv3/storage/biblioteca/14764_img.jpg,PNP_INEI,Comisarias,,,,Ccampos,,,,,Aprobado con Resolución de Direccion General de la Policía Nacional N° 276-2018-DIRGEN/SUB.DG-PNP 23JUL2018,,,
CPNP Surquillo,Lima,Lima,Surquillo,Sin dato,-,,1.6665E+12,Perú: VI Censo Nacional de Comisarías 2017 - Resultados definitivos,https://sigrid.cenepred.gob.pe/sigridv3/documento/14764,https://sigrid.cenepred.gob.pe/sigridv3/storage/biblioteca/14764_img.jpg,PNP_INEI,Comisarias,,,,Ccampos,,,,,Aprobado con Resolución de Direccion General de la Policía Nacional N° 276-2018-DIRGEN/SUB.DG-PNP 23JUL2018,,,
CPNP Las praderas,Lima,Lima,La molina,Sin dato,-,,1.6665E+12,Perú: VI Censo Nacional de Comisarías 2017 - Resultados definitivos,https://sigrid.cenepred.gob.pe/sigridv3/documento/14764,https://sigrid.cenepred.gob.pe/sigridv3/storage/biblioteca/14764_img.jpg,PNP_INEI,Comisarias,,,,Ccampos,,,,,Aprobado con Resolución de Direccion General de la Policía Nacional N° 276-2018-DIRGEN/SUB.DG-PNP 23JUL2018,,,
CPNP Orrantia del mar,Lima,Lima,San isidro,Sin dato,-,,1.6665E+12,Perú: VI Censo Nacional de Comisarías 2017 - Resultados definitivos,https://sigrid.cenepred.gob.pe/sigridv3/documento/14764,https://sigrid.cenepred.gob.pe/sigridv3/storage/biblioteca/14764_img.jpg,PNP_INEI,Comisarias,,,,Ccampos,,,,,Aprobado con Resolución de Direccion General de la Policía Nacional N° 276-2018-DIRGEN/SUB.DG-PNP 23JUL2018,,,
CPNP San isidro,Lima,Lima,San isidro,Sin dato,-,,1.6665E+12,Perú: VI Censo Nacional de Comisarías 2017 - Resultados definitivos,https://sigrid.cenepred.gob.pe/sigridv3/documento/14764,https://sigrid.cenepred.gob.pe/sigridv3/storage/biblioteca/14764_img.jpg,PNP_INEI,Comisarias,,,,Ccampos,,,,,Aprobado con Resolución de Direccion General de la Policía Nacional N° 276-2018-DIRGEN/SUB.DG-PNP 23JUL2018,,,
San miguel,Lima,Lima,San Miguel,Jr. Sucre Cdra. 7,,132,,,,,PNP_INEI,,,,,,,,,,,LIMA,LIMA,SAN MIGUEL
San isidro,Lima,Lima,San Isidro,Calle Godofredo Garcia 439,,71,,,,,PNP_INEI,,,,,,,,,,,LIMA,LIMA,SAN ISIDRO
CPNP Manchay,Lima,Lima,Pachacamac,Sin dato,-,,1.6665E+12,Perú: VI Censo Nacional de Comisarías 2017 - Resultados definitivos,https://sigrid.cenepred.gob.pe/sigridv3/documento/14764,https://sigrid.cenepred.gob.pe/sigridv3/storage/biblioteca/14764_img.jpg,PNP_INEI,Comisarias,,,,Ccampos,,,,,Aprobado con Resolución de Direccion General de la Policía Nacional N° 276-2018-DIRGEN/SUB.DG-PNP 23JUL2018,,,
CPNP Magdalena,Lima,Lima,Magdalena del mar,Sin dato,-,,1.6665E+12,Perú: VI Censo Nacional de Comisarías 2017 - Resultados definitivos,https://sigrid.cenepred.gob.pe/sigridv3/documento/14764,https://sigrid.cenepred.gob.pe/sigridv3/storage/biblioteca/14764_img.jpg,PNP_INEI,Comisarias,,,,Ccampos,,,,,Aprobado con Resolución de Direccion General de la Policía Nacional N° 276-2018-DIRGEN/SUB.DG-PNP 23JUL2018,,,
CPNP Collique,Lima,Lima,Comas,Sin dato,-,,1.6665E+12,Perú: VI Censo Nacional de Comisarías 2017 - Resultados definitivos,https://sigrid.cenepred.gob.pe/sigridv3/documento/14764,https://sigrid.cenepred.gob.pe/sigridv3/storage/biblioteca/14764_img.jpg,PNP_INEI,Comisarias,,,,Ccampos,,,,,Aprobado con Resolución de Direccion General de la Policía Nacional N° 276-2018-DIRGEN/SUB.DG-PNP 23JUL2018,,,
CPNP Caja de agua,Lima,Lima,San juan de lurigancho,Sin dato,-,,1.6665E+12,Perú: VI Censo Nacional de Comisarías 2017 - Resultados definitivos,https://sigrid.cenepred.gob.pe/sigridv3/documento/14764,https://sigrid.cenepred.gob.pe/sigridv3/storage/biblioteca/14764_img.jpg,PNP_INEI,Comisarias,,,,Ccampos,,,,,Aprobado con Resolución de Direccion General de la Policía Nacional N° 276-2018-DIRGEN/SUB.DG-PNP 23JUL2018,,,
CPNP Canto rey,Lima,Lima,San juan de lurigancho,Sin dato,-,,1.6665E+12,Perú: VI Censo Nacional de Comisarías 2017 - Resultados definitivos,https://sigrid.cenepred.gob.pe/sigridv3/documento/14764,https://sigrid.cenepred.gob.pe/sigridv3/storage/biblioteca/14764_img.jpg,PNP_INEI,Comisarias,,,,Ccampos,,,,,Aprobado con Resolución de Direccion General de la Policía Nacional N° 276-2018-DIRGEN/SUB.DG-PNP 23JUL2018,,,
CPNP Santa elizabeth,Lima,Lima,San juan de lurigancho,Sin dato,-,,1.6665E+12,Perú: VI Censo Nacional de Comisarías 2017 - Resultados definitivos,https://sigrid.cenepred.gob.pe/sigridv3/documento/14764,https://sigrid.cenepred.gob.pe/sigridv3/storage/biblioteca/14764_img.jpg,PNP_INEI,Comisarias,,,,Ccampos,,,,,Aprobado con Resolución de Direccion General de la Policía Nacional N° 276-2018-DIRGEN/SUB.DG-PNP 23JUL2018,,,
CPNP Vitarte,Lima,Lima,Ate,Sin dato,-,,1.6665E+12,Perú: VI Censo Nacional de Comisarías 2017 - Resultados definitivos,https://sigrid.cenepred.gob.pe/sigridv3/documento/14764,https://sigrid.cenepred.gob.pe/sigridv3/storage/biblioteca/14764_img.jpg,PNP_INEI,Comisarias,,,,Ccampos,,,,,Aprobado con Resolución de Direccion General de la Policía Nacional N° 276-2018-DIRGEN/SUB.DG-PNP 23JUL2018,,,
San juan de lurigancho,Lima,Lima,San Juan de Lurigancho,Av. El Bosque No. 339,,160,,,,,PNP_INEI,,,,,,,,,,,LIMA,LIMA,SAN JUAN DE LURIGANCHO
CPNP El progreso,Lima,Lima,Carabayllo,Sin dato,-,,1.6665E+12,Perú: VI Censo Nacional de Comisarías 2017 - Resultados definitivos,https://sigrid.cenepred.gob.pe/sigridv3/documento/14764,https://sigrid.cenepred.gob.pe/sigridv3/storage/biblioteca/14764_img.jpg,PNP_INEI,Comisarias,,,,Ccampos,,,,,Aprobado con Resolución de Direccion General de la Policía Nacional N° 276-2018-DIRGEN/SUB.DG-PNP 23JUL2018,,,
Lima,Lima,Lima,Lima,Sin dato,-,Sin dato,,Sin dato,,,CGBVP,Bomberos,,,,,,,,,,,,
Santa Anita,Lima,Lima,Santa Anita,Sin dato,-,Sin dato,,Sin dato,,,CGBVP,Bomberos,,,,,,,,,,,,
Santa Anita,Lima,Lima,Santa Anita,Sin dato,-,Sin dato,,Sin dato,,,CGBVP,Bomberos,,,,,,,,,,,,
El Agustino,Lima,Lima,El Agustino,Sin dato,-,Sin dato,,Sin dato,,,CGBVP,Bomberos,,,,,,,,,,,,
Bellavista,Callao,Callao,Bellavista,Sin dato,-,Sin dato,,Sin dato,,,CGBVP,Bomberos,,,,,,,,,,,,
Lima,Lima,Lima,Lima,Sin dato,-,Sin dato,,Sin dato,,,CGBVP,Bomberos,,,,,,,,,,,,
Lima,Lima,Lima,Lima,Sin dato,-,Sin dato,,Sin dato,,,CGBVP,Bomberos,,,,,,,,,,,,
Rimac,Lima,Lima,Rimac,Sin dato,-,Sin dato,,Sin dato,,,CGBVP,Bomberos,,,,,,,,,,,,
San Juan De Lurigancho,Lima,Lima,San Juan De Lurigancho,Sin dato,-,Sin dato,,Sin dato,,,CGBVP,Bomberos,,,,,,,,,,,,
 ,Lima,Callao,Callao, , ,-,1.64972E+12,,,,INDECI,Almacenes,,,,Ccampos,10/03/2022,,,,Subido por Ccampos según información enviada por INDECI 2022,,,
Italia,Callao,Callao,Bellavista,Av. Alejandro Granda Mz E Lt. 3,,161,,,,,PNP_INEI,,,,,,,,,,,CALLAO,CALLAO,BELLAVISTA
Santa maria de huachipa,Lima,Lima,Lurigancho,"Las Golodrinas C/N Tucanes, Huachipa",,38,,,,,PNP_INEI,,,,,,,,,,,LIMA,LIMA,LURIGANCHO
El agustino,Lima,Lima,El Agustino,Jr. Maria Baldarrago s/n Cdra. 5 Urb. La Corporación,,98,,,,,PNP_INEI,,,,,,,,,,,LIMA,LIMA,EL AGUSTINO
CPNP Conde de la vega,Lima,Lima,Lima,Sin dato,-,,1.6665E+12,Perú: VI Censo Nacional de Comisarías 2017 - Resultados definitivos,https://sigrid.cenepred.gob.pe/sigridv3/documento/14764,https://sigrid.cenepred.gob.pe/sigridv3/storage/biblioteca/14764_img.jpg,PNP_INEI,Comisarias,,,,Ccampos,,,,,Aprobado con Resolución de Direccion General de la Policía Nacional N° 276-2018-DIRGEN/SUB.DG-PNP 23JUL2018,,,
CPNP Cotabambas,Lima,Lima,Lima,Sin dato,-,,1.6665E+12,Perú: VI Censo Nacional de Comisarías 2017 - Resultados definitivos,https://sigrid.cenepred.gob.pe/sigridv3/documento/14764,https://sigrid.cenepred.gob.pe/sigridv3/storage/biblioteca/14764_img.jpg,PNP_INEI,Comisarias,,,,Ccampos,,,,,Aprobado con Resolución de Direccion General de la Policía Nacional N° 276-2018-DIRGEN/SUB.DG-PNP 23JUL2018,,,
CPNP Unidad vecinal mirones alto,Lima,Lima,Lima,Sin dato,-,,1.6665E+12,Perú: VI Censo Nacional de Comisarías 2017 - Resultados definitivos,https://sigrid.cenepred.gob.pe/sigridv3/documento/14764,https://sigrid.cenepred.gob.pe/sigridv3/storage/biblioteca/14764_img.jpg,PNP_INEI,Comisarias,,,,Ccampos,,,,,Aprobado con Resolución de Direccion General de la Policía Nacional N° 276-2018-DIRGEN/SUB.DG-PNP 23JUL2018,,,
CPNP Unidad vecinal mirones bajo,Lima,Lima,Lima,Sin dato,-,,1.6665E+12,Perú: VI Censo Nacional de Comisarías 2017 - Resultados definitivos,https://sigrid.cenepred.gob.pe/sigridv3/documento/14764,https://sigrid.cenepred.gob.pe/sigridv3/storage/biblioteca/14764_img.jpg,PNP_INEI,Comisarias,,,,Ccampos,,,,,Aprobado con Resolución de Direccion General de la Policía Nacional N° 276-2018-DIRGEN/SUB.DG-PNP 23JUL2018,,,
CPNP Huachipa,Lima,Lima,Lurigancho,Sin dato,-,,1.6665E+12,Perú: VI Censo Nacional de Comisarías 2017 - Resultados definitivos,https://sigrid.cenepred.gob.pe/sigridv3/documento/14764,https://sigrid.cenepred.gob.pe/sigridv3/storage/biblioteca/14764_img.jpg,PNP_INEI,Comisarias,,,,Ccampos,,,,,Aprobado con Resolución de Direccion General de la Policía Nacional N° 276-2018-DIRGEN/SUB.DG-PNP 23JUL2018,,,
CPNP Ciudad y campo,Lima,Lima,Rimac,Sin dato,-,,1.6665E+12,Perú: VI Censo Nacional de Comisarías 2017 - Resultados definitivos,https://sigrid.cenepred.gob.pe/sigridv3/documento/14764,https://sigrid.cenepred.gob.pe/sigridv3/storage/biblioteca/14764_img.jpg,PNP_INEI,Comisarias,,,,Ccampos,,,,,Aprobado con Resolución de Direccion General de la Policía Nacional N° 276-2018-DIRGEN/SUB.DG-PNP 23JUL2018,,,
CPNP Piedra liza,Lima,Lima,Rimac,Sin dato,-,,1.6665E+12,Perú: VI Censo Nacional de Comisarías 2017 - Resultados definitivos,https://sigrid.cenepred.gob.pe/sigridv3/documento/14764,https://sigrid.cenepred.gob.pe/sigridv3/storage/biblioteca/14764_img.jpg,PNP_INEI,Comisarias,,,,Ccampos,,,,,Aprobado con Resolución de Direccion General de la Policía Nacional N° 276-2018-DIRGEN/SUB.DG-PNP 23JUL2018,,,
CPNP El rimac,Lima,Lima,Rimac,Sin dato,-,,1.6665E+12,Perú: VI Censo Nacional de Comisarías 2017 - Resultados definitivos,https://sigrid.cenepred.gob.pe/sigridv3/documento/14764,https://sigrid.cenepred.gob.pe/sigridv3/storage/biblioteca/14764_img.jpg,PNP_INEI,Comisarias,,,,Ccampos,,,,,Aprobado con Resolución de Direccion General de la Policía Nacional N° 276-2018-DIRGEN/SUB.DG-PNP 23JUL2018,,,
CPNP La huayrona,Lima,Lima,San juan de lurigancho,Sin dato,-,,1.6665E+12,Perú: VI Censo Nacional de Comisarías 2017 - Resultados definitivos,https://sigrid.cenepred.gob.pe/sigridv3/documento/14764,https://sigrid.cenepred.gob.pe/sigridv3/storage/biblioteca/14764_img.jpg,PNP_INEI,Comisarias,,,,Ccampos,,,,,Aprobado con Resolución de Direccion General de la Policía Nacional N° 276-2018-DIRGEN/SUB.DG-PNP 23JUL2018,,,
CPNP Chacra colorada,Lima,Lima,Breña,Sin dato,-,,1.6665E+12,Perú: VI Censo Nacional de Comisarías 2017 - Resultados definitivos,https://sigrid.cenepred.gob.pe/sigridv3/documento/14764,https://sigrid.cenepred.gob.pe/sigridv3/storage/biblioteca/14764_img.jpg,PNP_INEI,Comisarias,,,,Ccampos,,,,,Aprobado con Resolución de Direccion General de la Policía Nacional N° 276-2018-DIRGEN/SUB.DG-PNP 23JUL2018,,,
CPNP Flor de amancaes,Lima,Lima,Rimac,Sin dato,-,,1.6665E+12,Perú: VI Censo Nacional de Comisarías 2017 - Resultados definitivos,https://sigrid.cenepred.gob.pe/sigridv3/documento/14764,https://sigrid.cenepred.gob.pe/sigridv3/storage/biblioteca/14764_img.jpg,PNP_INEI,Comisarias,,,,Ccampos,,,,,Aprobado con Resolución de Direccion General de la Policía Nacional N° 276-2018-DIRGEN/SUB.DG-PNP 23JUL2018,,,
CPNP Callao,Callao,Callao,Callao,Sin dato,-,,1.6665E+12,Perú: VI Censo Nacional de Comisarías 2017 - Resultados definitivos,https://sigrid.cenepred.gob.pe/sigridv3/documento/14764,https://sigrid.cenepred.gob.pe/sigridv3/storage/biblioteca/14764_img.jpg,PNP_INEI,Comisarias,,,,Ccampos,,,,,Aprobado con Resolución de Direccion General de la Policía Nacional N° 276-2018-DIRGEN/SUB.DG-PNP 23JUL2018,,,
CPNP Ramon castilla,Callao,Callao,Callao,Sin dato,-,,1.6665E+12,Perú: VI Censo Nacional de Comisarías 2017 - Resultados definitivos,https://sigrid.cenepred.gob.pe/sigridv3/documento/14764,https://sigrid.cenepred.gob.pe/sigridv3/storage/biblioteca/14764_img.jpg,PNP_INEI,Comisarias,,,,Ccampos,,,,,Aprobado con Resolución de Direccion General de la Policía Nacional N° 276-2018-DIRGEN/SUB.DG-PNP 23JUL2018,,,
CPNP Sarita colonia,Callao,Callao,Callao,Sin dato,-,,1.6665E+12,Perú: VI Censo Nacional de Comisarías 2017 - Resultados definitivos,https://sigrid.cenepred.gob.pe/sigridv3/documento/14764,https://sigrid.cenepred.gob.pe/sigridv3/storage/biblioteca/14764_img.jpg,PNP_INEI,Comisarias,,,,Ccampos,,,,,Aprobado con Resolución de Direccion General de la Policía Nacional N° 276-2018-DIRGEN/SUB.DG-PNP 23JUL2018,,,
CPNP Manuel cipriano dulanto,Callao,Callao,Callao,Sin dato,-,,1.6665E+12,Perú: VI Censo Nacional de Comisarías 2017 - Resultados definitivos,https://sigrid.cenepred.gob.pe/sigridv3/documento/14764,https://sigrid.cenepred.gob.pe/sigridv3/storage/biblioteca/14764_img.jpg,PNP_INEI,Comisarias,,,,Ccampos,,,,,Aprobado con Resolución de Direccion General de la Policía Nacional N° 276-2018-DIRGEN/SUB.DG-PNP 23JUL2018,,,
CPNP Playa rimac,Callao,Callao,Callao,Sin dato,-,,1.6665E+12,Perú: VI Censo Nacional de Comisarías 2017 - Resultados definitivos,https://sigrid.cenepred.gob.pe/sigridv3/documento/14764,https://sigrid.cenepred.gob.pe/sigridv3/storage/biblioteca/14764_img.jpg,PNP_INEI,Comisarias,,,,Ccampos,,,,,Aprobado con Resolución de Direccion General de la Policía Nacional N° 276-2018-DIRGEN/SUB.DG-PNP 23JUL2018,,,
CPNP Ciudad del pescador,Callao,Callao,Bellavista,Sin dato,-,,1.6665E+12,Perú: VI Censo Nacional de Comisarías 2017 - Resultados definitivos,https://sigrid.cenepred.gob.pe/sigridv3/documento/14764,https://sigrid.cenepred.gob.pe/sigridv3/storage/biblioteca/14764_img.jpg,PNP_INEI,Comisarias,,,,Ccampos,,,,,Aprobado con Resolución de Direccion General de la Policía Nacional N° 276-2018-DIRGEN/SUB.DG-PNP 23JUL2018,,,
CPNP La legua,Callao,Callao,Callao,Sin dato,-,,1.6665E+12,Perú: VI Censo Nacional de Comisarías 2017 - Resultados definitivos,https://sigrid.cenepred.gob.pe/sigridv3/documento/14764,https://sigrid.cenepred.gob.pe/sigridv3/storage/biblioteca/14764_img.jpg,PNP_INEI,Comisarias,,,,Ccampos,,,,,Aprobado con Resolución de Direccion General de la Policía Nacional N° 276-2018-DIRGEN/SUB.DG-PNP 23JUL2018,,,
CPNP Carmen de la legua reynoso,Callao,Callao,Carmen de la Legua Reynoso,Sin dato,-,,1.6665E+12,Perú: VI Censo Nacional de Comisarías 2017 - Resultados definitivos,https://sigrid.cenepred.gob.pe/sigridv3/documento/14764,https://sigrid.cenepred.gob.pe/sigridv3/storage/biblioteca/14764_img.jpg,PNP_INEI,Comisarias,,,,Ccampos,,,,,Aprobado con Resolución de Direccion General de la Policía Nacional N° 276-2018-DIRGEN/SUB.DG-PNP 23JUL2018,,,
CPNP San cayetano,Lima,Lima,El Agustino,Sin dato,-,,1.6665E+12,Perú: VI Censo Nacional de Comisarías 2017 - Resultados definitivos,https://sigrid.cenepred.gob.pe/sigridv3/documento/14764,https://sigrid.cenepred.gob.pe/sigridv3/storage/biblioteca/14764_img.jpg,PNP_INEI,Comisarias,,,,Ccampos,,,,,Aprobado con Resolución de Direccion General de la Policía Nacional N° 276-2018-DIRGEN/SUB.DG-PNP 23JUL2018,,,
CPNP Santoyo,Lima,Lima,El Agustino,Sin dato,-,,1.6665E+12,Perú: VI Censo Nacional de Comisarías 2017 - Resultados definitivos,https://sigrid.cenepred.gob.pe/sigridv3/documento/14764,https://sigrid.cenepred.gob.pe/sigridv3/storage/biblioteca/14764_img.jpg,PNP_INEI,Comisarias,,,,Ccampos,,,,,Aprobado con Resolución de Direccion General de la Policía Nacional N° 276-2018-DIRGEN/SUB.DG-PNP 23JUL2018,,,
CPNP Villa hermosa,Lima,Lima,El Agustino,Sin dato,-,,1.6665E+12,Perú: VI Censo Nacional de Comisarías 2017 - Resultados definitivos,https://sigrid.cenepred.gob.pe/sigridv3/documento/14764,https://sigrid.cenepred.gob.pe/sigridv3/storage/biblioteca/14764_img.jpg,PNP_INEI,Comisarias,,,,Ccampos,,,,,Aprobado con Resolución de Direccion General de la Policía Nacional N° 276-2018-DIRGEN/SUB.DG-PNP 23JUL2018,,,
CPNP El agustino,Lima,Lima,El Agustino,Sin dato,-,,1.6665E+12,Perú: VI Censo Nacional de Comisarías 2017 - Resultados definitivos,https://sigrid.cenepred.gob.pe/sigridv3/documento/14764,https://sigrid.cenepred.gob.pe/sigridv3/storage/biblioteca/14764_img.jpg,PNP_INEI,Comisarias,,,,Ccampos,,,,,Aprobado con Resolución de Direccion General de la Policía Nacional N° 276-2018-DIRGEN/SUB.DG-PNP 23JUL2018,,,
CPNP Tahuantinsuyo,Lima,Lima,Independencia,Sin dato,-,,1.6665E+12,Perú: VI Censo Nacional de Comisarías 2017 - Resultados definitivos,https://sigrid.cenepred.gob.pe/sigridv3/documento/14764,https://sigrid.cenepred.gob.pe/sigridv3/storage/biblioteca/14764_img.jpg,PNP_INEI,Comisarias,,,,Ccampos,,,,,Aprobado con Resolución de Direccion General de la Policía Nacional N° 276-2018-DIRGEN/SUB.DG-PNP 23JUL2018,,,
CPNP La unificada,Lima,Lima,Rimac,Sin dato,-,,1.6665E+12,Perú: VI Censo Nacional de Comisarías 2017 - Resultados definitivos,https://sigrid.cenepred.gob.pe/sigridv3/documento/14764,https://sigrid.cenepred.gob.pe/sigridv3/storage/biblioteca/14764_img.jpg,PNP_INEI,Comisarias,,,,Ccampos,,,,,Aprobado con Resolución de Direccion General de la Policía Nacional N° 276-2018-DIRGEN/SUB.DG-PNP 23JUL2018,,,
CPNP Santa clara,Lima,Lima,Ate,Sin dato,-,,1.6665E+12,Perú: VI Censo Nacional de Comisarías 2017 - Resultados definitivos,https://sigrid.cenepred.gob.pe/sigridv3/documento/14764,https://sigrid.cenepred.gob.pe/sigridv3/storage/biblioteca/14764_img.jpg,PNP_INEI,Comisarias,,,,Ccampos,,,,,Aprobado con Resolución de Direccion General de la Policía Nacional N° 276-2018-DIRGEN/SUB.DG-PNP 23JUL2018,,,
CPNP Unidad vecinal 3,Lima,Lima,Lima,Sin dato,-,,1.6665E+12,Perú: VI Censo Nacional de Comisarías 2017 - Resultados definitivos,https://sigrid.cenepred.gob.pe/sigridv3/documento/14764,https://sigrid.cenepred.gob.pe/sigridv3/storage/biblioteca/14764_img.jpg,PNP_INEI,Comisarias,,,,Ccampos,,,,,Aprobado con Resolución de Direccion General de la Policía Nacional N° 276-2018-DIRGEN/SUB.DG-PNP 23JUL2018,,,
CPNP San andres,Lima,Lima,Lima,Sin dato,-,,1.6665E+12,Perú: VI Censo Nacional de Comisarías 2017 - Resultados definitivos,https://sigrid.cenepred.gob.pe/sigridv3/documento/14764,https://sigrid.cenepred.gob.pe/sigridv3/storage/biblioteca/14764_img.jpg,PNP_INEI,Comisarias,,,,Ccampos,,,,,Aprobado con Resolución de Direccion General de la Policía Nacional N° 276-2018-DIRGEN/SUB.DG-PNP 23JUL2018,,,
CPNP Monserrate,Lima,Lima,Lima,Sin dato,-,,1.6665E+12,Perú: VI Censo Nacional de Comisarías 2017 - Resultados definitivos,https://sigrid.cenepred.gob.pe/sigridv3/documento/14764,https://sigrid.cenepred.gob.pe/sigridv3/storage/biblioteca/14764_img.jpg,PNP_INEI,Comisarias,,,,Ccampos,,,,,Aprobado con Resolución de Direccion General de la Policía Nacional N° 276-2018-DIRGEN/SUB.DG-PNP 23JUL2018,,,
CPNP Alfonso ugarte,Lima,Lima,Lima,Sin dato,-,,1.6665E+12,Perú: VI Censo Nacional de Comisarías 2017 - Resultados definitivos,https://sigrid.cenepred.gob.pe/sigridv3/documento/14764,https://sigrid.cenepred.gob.pe/sigridv3/storage/biblioteca/14764_img.jpg,PNP_INEI,Comisarias,,,,Ccampos,,,,,Aprobado con Resolución de Direccion General de la Policía Nacional N° 276-2018-DIRGEN/SUB.DG-PNP 23JUL2018,,,
CPNP Ciudadela chalaca,Callao,Callao,Callao,Sin dato,-,,1.6665E+12,Perú: VI Censo Nacional de Comisarías 2017 - Resultados definitivos,https://sigrid.cenepred.gob.pe/sigridv3/documento/14764,https://sigrid.cenepred.gob.pe/sigridv3/storage/biblioteca/14764_img.jpg,PNP_INEI,Comisarias,,,,Ccampos,,,,,Aprobado con Resolución de Direccion General de la Policía Nacional N° 276-2018-DIRGEN/SUB.DG-PNP 23JUL2018,,,
CPNP Juan ingunza valdivia,Callao,Callao,Callao,Sin dato,-,,1.6665E+12,Perú: VI Censo Nacional de Comisarías 2017 - Resultados definitivos,https://sigrid.cenepred.gob.pe/sigridv3/documento/14764,https://sigrid.cenepred.gob.pe/sigridv3/storage/biblioteca/14764_img.jpg,PNP_INEI,Comisarias,,,,Ccampos,,,,,Aprobado con Resolución de Direccion General de la Policía Nacional N° 276-2018-DIRGEN/SUB.DG-PNP 23JUL2018,,,
Roma,Lima,Lima,Lima,Jr. Junin No. 560,,181,,,,,PNP_INEI,,,,,,,,,,,LIMA,LIMA,LIMA
France,Lima,Lima,Lima,Jr. Moquegua No. 240,,178,,,,,PNP_INEI,,,,,,,,,,,LIMA,LIMA,LIMA
Salvadora lima,Lima,Lima,Lima,Jr. De La Unión No. 1027,,208,,,,,PNP_INEI,,,,,,,,,,,LIMA,LIMA,LIMA
Rimac,Lima,Lima,Rimac,Jr. Trujillo No. 836,,180,,,,,PNP_INEI,,,,,,,,,,,LIMA,LIMA,RIMAC
Tecnico carlos leon delgado,Lima,Lima,Santa Anita,"Jr. Los Pinos 2da Cdra. Esq Jr. Inclan, Urb. Los Ficus",,151,,,,,PNP_INEI,,,,,,,,,,,LIMA,LIMA,SANTA ANITA
Capitan cbp andres roman gutierrez,Lima,Lima,Santa Anita,"Av. Santa Ana Nro. 940, Puerta 4 Mercado de Productores",,109,,,,,PNP_INEI,,,,,,,,,,,LIMA,LIMA,SANTA ANITA
Los olivos,Lima,Lima,Los Olivos,"Mz. K Lt. 15 3era Etapa El Trebol, Calle 36, Alt. Cdra. 8 Av. Tomas Valle",,154,,,,,PNP_INEI,,,,,,,,,,,LIMA,LIMA,LOS OLIVOS
CPNP Zarate,Lima,Lima,San Juan de Lurigancho,Sin dato,-,,1.6665E+12,Perú: VI Censo Nacional de Comisarías 2017 - Resultados definitivos,https://sigrid.cenepred.gob.pe/sigridv3/documento/14764,https://sigrid.cenepred.gob.pe/sigridv3/storage/biblioteca/14764_img.jpg,PNP_INEI,Comisarias,,,,Ccampos,,,,,Aprobado con Resolución de Direccion General de la Policía Nacional N° 276-2018-DIRGEN/SUB.DG-PNP 23JUL2018,,,
CPNP Condevilla,Lima,Lima,San Martin de Porres,Sin dato,-,,1.6665E+12,Perú: VI Censo Nacional de Comisarías 2017 - Resultados definitivos,https://sigrid.cenepred.gob.pe/sigridv3/documento/14764,https://sigrid.cenepred.gob.pe/sigridv3/storage/biblioteca/14764_img.jpg,PNP_INEI,Comisarias,,,,Ccampos,,,,,Aprobado con Resolución de Direccion General de la Policía Nacional N° 276-2018-DIRGEN/SUB.DG-PNP 23JUL2018,,,
CPNP Santa anita,Lima,Lima,Santa Anita,Sin dato,-,,1.6665E+12,Perú: VI Censo Nacional de Comisarías 2017 - Resultados definitivos,https://sigrid.cenepred.gob.pe/sigridv3/documento/14764,https://sigrid.cenepred.gob.pe/sigridv3/storage/biblioteca/14764_img.jpg,PNP_INEI,Comisarias,,,,Ccampos,,,,,Aprobado con Resolución de Direccion General de la Policía Nacional N° 276-2018-DIRGEN/SUB.DG-PNP 23JUL2018,,,
Chorrillos,Lima,Lima,Chorrillos,Sin dato,-,Sin dato,,Sin dato,,,CGBVP,Bomberos,,,,,,,,,,,,
Chorrillos,Lima,Lima,Chorrillos,Sin dato,-,Sin dato,,Sin dato,,,CGBVP,Bomberos,,,,,,,,,,,,
Barranco,Lima,Lima,Barranco,Sin dato,-,Sin dato,,Sin dato,,,CGBVP,Bomberos,,,,,,,,,,,,
Villa El Salvador,Lima,Lima,Villa El Salvador,Sin dato,-,Sin dato,,Sin dato,,,CGBVP,Bomberos,,,,,,,,,,,,
Villa Maria Del Triunfo,Lima,Lima,Villa Maria Del Triunfo,Sin dato,-,Sin dato,,Sin dato,,,CGBVP,Bomberos,,,,,,,,,,,,
San Juan De Miraflores,Lima,Lima,San Juan De Miraflores,Sin dato,-,Sin dato,,Sin dato,,,CGBVP,Bomberos,,,,,,,,,,,,
Santiago De Surco,Lima,Lima,Santiago De Surco,Sin dato,-,Sin dato,,Sin dato,,,CGBVP,Bomberos,,,,,,,,,,,,
Villa Maria Del Triunfo,Lima,Lima,Villa Maria Del Triunfo,Sin dato,-,Sin dato,,Sin dato,,,CGBVP,Bomberos,,,,,,,,,,,,
Garibaldi,Lima,Lima,Chorrillos,Av. Huaylas No. 298,,152,,,,,PNP_INEI,,,,,,,,,,,LIMA,LIMA,CHORRILLOS
Villa el salvador,Lima,Lima,Villa El Salvador,"Sector 2, Grupo 15 Manzana Cívica / Calle Los Bomberos",,110,,,,,PNP_INEI,,,,,,,,,,,LIMA,LIMA,VILLA EL SALVADOR
Nuevo milenio,Lima,Lima,Villa Maria del Triunfo,Av. Atocongo s/n Frente a Cementos Lima,,87,,,,,PNP_INEI,,,,,,,,,,,LIMA,LIMA,VILLA MARIA DEL TRIUNFO
San juan de miraflores,Lima,Lima,San Juan de Miraflores,"Av. Pedro Miotta Cdra 9 entre los jirones Paita y Sullana, Zona Industrial",,123,,,,,PNP_INEI,,,,,,,,,,,LIMA,LIMA,SAN JUAN DE MIRAFLORES
Santiago apostol,Lima,Lima,Santiago de Surco,"Monte de los Olivos Cdra. 9, Urb. Prolog. Benavides 2da Etapa",,152,,,,,PNP_INEI,,,,,,,,,,,LIMA,LIMA,SANTIAGO DE SURCO
CPNP San genaro,Lima,Lima,Chorrillos,Sin dato,-,,1.6665E+12,Perú: VI Censo Nacional de Comisarías 2017 - Resultados definitivos,https://sigrid.cenepred.gob.pe/sigridv3/documento/14764,https://sigrid.cenepred.gob.pe/sigridv3/storage/biblioteca/14764_img.jpg,PNP_INEI,Comisarias,,,,Ccampos,,,,,Aprobado con Resolución de Direccion General de la Policía Nacional N° 276-2018-DIRGEN/SUB.DG-PNP 23JUL2018,,,
CPNP Chorrillos,Lima,Lima,Chorrillos,Sin dato,-,,1.6665E+12,Perú: VI Censo Nacional de Comisarías 2017 - Resultados definitivos,https://sigrid.cenepred.gob.pe/sigridv3/documento/14764,https://sigrid.cenepred.gob.pe/sigridv3/storage/biblioteca/14764_img.jpg,PNP_INEI,Comisarias,,,,Ccampos,,,,,Aprobado con Resolución de Direccion General de la Policía Nacional N° 276-2018-DIRGEN/SUB.DG-PNP 23JUL2018,,,
CPNP Pamplona i,Lima,Lima,San juan de miraflores,Sin dato,-,,1.6665E+12,Perú: VI Censo Nacional de Comisarías 2017 - Resultados definitivos,https://sigrid.cenepred.gob.pe/sigridv3/documento/14764,https://sigrid.cenepred.gob.pe/sigridv3/storage/biblioteca/14764_img.jpg,PNP_INEI,Comisarias,,,,Ccampos,,,,,Aprobado con Resolución de Direccion General de la Policía Nacional N° 276-2018-DIRGEN/SUB.DG-PNP 23JUL2018,,,
CPNP San juan de miraflores,Lima,Lima,San juan de miraflores,Sin dato,-,,1.6665E+12,Perú: VI Censo Nacional de Comisarías 2017 - Resultados definitivos,https://sigrid.cenepred.gob.pe/sigridv3/documento/14764,https://sigrid.cenepred.gob.pe/sigridv3/storage/biblioteca/14764_img.jpg,PNP_INEI,Comisarias,,,,Ccampos,,,,,Aprobado con Resolución de Direccion General de la Policía Nacional N° 276-2018-DIRGEN/SUB.DG-PNP 23JUL2018,,,
CPNP Villa,Lima,Lima,Chorrillos,Sin dato,-,,1.6665E+12,Perú: VI Censo Nacional de Comisarías 2017 - Resultados definitivos,https://sigrid.cenepred.gob.pe/sigridv3/documento/14764,https://sigrid.cenepred.gob.pe/sigridv3/storage/biblioteca/14764_img.jpg,PNP_INEI,Comisarias,,,,Ccampos,,,,,Aprobado con Resolución de Direccion General de la Policía Nacional N° 276-2018-DIRGEN/SUB.DG-PNP 23JUL2018,,,
CPNP Mateo pumacahua,Lima,Lima,Chorrillos,Sin dato,-,,1.6665E+12,Perú: VI Censo Nacional de Comisarías 2017 - Resultados definitivos,https://sigrid.cenepred.gob.pe/sigridv3/documento/14764,https://sigrid.cenepred.gob.pe/sigridv3/storage/biblioteca/14764_img.jpg,PNP_INEI,Comisarias,,,,Ccampos,,,,,Aprobado con Resolución de Direccion General de la Policía Nacional N° 276-2018-DIRGEN/SUB.DG-PNP 23JUL2018,,,
CPNP Villa alejandro,Lima,Lima,Villa Maria del Triunfo,Sin dato,-,,1.6665E+12,Perú: VI Censo Nacional de Comisarías 2017 - Resultados definitivos,https://sigrid.cenepred.gob.pe/sigridv3/documento/14764,https://sigrid.cenepred.gob.pe/sigridv3/storage/biblioteca/14764_img.jpg,PNP_INEI,Comisarias,,,,Ccampos,,,,,Aprobado con Resolución de Direccion General de la Policía Nacional N° 276-2018-DIRGEN/SUB.DG-PNP 23JUL2018,,,
CPNP San francisco tablada de lurin,Lima,Lima,Villa Maria del Triunfo,Sin dato,-,,1.6665E+12,Perú: VI Censo Nacional de Comisarías 2017 - Resultados definitivos,https://sigrid.cenepred.gob.pe/sigridv3/documento/14764,https://sigrid.cenepred.gob.pe/sigridv3/storage/biblioteca/14764_img.jpg,PNP_INEI,Comisarias,,,,Ccampos,,,,,Aprobado con Resolución de Direccion General de la Policía Nacional N° 276-2018-DIRGEN/SUB.DG-PNP 23JUL2018,,,
CPNP Laderas de villa,Lima,Lima,San juan de miraflores,Sin dato,-,,1.6665E+12,Perú: VI Censo Nacional de Comisarías 2017 - Resultados definitivos,https://sigrid.cenepred.gob.pe/sigridv3/documento/14764,https://sigrid.cenepred.gob.pe/sigridv3/storage/biblioteca/14764_img.jpg,PNP_INEI,Comisarias,,,,Ccampos,,,,,Aprobado con Resolución de Direccion General de la Policía Nacional N° 276-2018-DIRGEN/SUB.DG-PNP 23JUL2018,,,
CPNP Surco,Lima,Lima,Santiago de surco,Sin dato,-,,1.6665E+12,Perú: VI Censo Nacional de Comisarías 2017 - Resultados definitivos,https://sigrid.cenepred.gob.pe/sigridv3/documento/14764,https://sigrid.cenepred.gob.pe/sigridv3/storage/biblioteca/14764_img.jpg,PNP_INEI,Comisarias,,,,Ccampos,,,,,Aprobado con Resolución de Direccion General de la Policía Nacional N° 276-2018-DIRGEN/SUB.DG-PNP 23JUL2018,,,
CPNP Urbanizacion pachacamac,Lima,Lima,Villa el salvador,Sin dato,-,,1.6665E+12,Perú: VI Censo Nacional de Comisarías 2017 - Resultados definitivos,https://sigrid.cenepred.gob.pe/sigridv3/documento/14764,https://sigrid.cenepred.gob.pe/sigridv3/storage/biblioteca/14764_img.jpg,PNP_INEI,Comisarias,,,,Ccampos,,,,,Aprobado con Resolución de Direccion General de la Policía Nacional N° 276-2018-DIRGEN/SUB.DG-PNP 23JUL2018,,,
CPNP Villa el salvador,Lima,Lima,Villa el salvador,Sin dato,-,,1.6665E+12,Perú: VI Censo Nacional de Comisarías 2017 - Resultados definitivos,https://sigrid.cenepred.gob.pe/sigridv3/documento/14764,https://sigrid.cenepred.gob.pe/sigridv3/storage/biblioteca/14764_img.jpg,PNP_INEI,Comisarias,,,,Ccampos,,,,,Aprobado con Resolución de Direccion General de la Policía Nacional N° 276-2018-DIRGEN/SUB.DG-PNP 23JUL2018,,,
CPNP Jose carlos mariategui,Lima,Lima,Villa maria del triunfo,Sin dato,-,,1.6665E+12,Perú: VI Censo Nacional de Comisarías 2017 - Resultados definitivos,https://sigrid.cenepred.gob.pe/sigridv3/documento/14764,https://sigrid.cenepred.gob.pe/sigridv3/storage/biblioteca/14764_img.jpg,PNP_INEI,Comisarias,,,,Ccampos,,,,,Aprobado con Resolución de Direccion General de la Policía Nacional N° 276-2018-DIRGEN/SUB.DG-PNP 23JUL2018,,,
CPNP Jose galvez,Lima,Lima,Villa maria del triunfo,Sin dato,-,,1.6665E+12,Perú: VI Censo Nacional de Comisarías 2017 - Resultados definitivos,https://sigrid.cenepred.gob.pe/sigridv3/documento/14764,https://sigrid.cenepred.gob.pe/sigridv3/storage/biblioteca/14764_img.jpg,PNP_INEI,Comisarias,,,,Ccampos,,,,,Aprobado con Resolución de Direccion General de la Policía Nacional N° 276-2018-DIRGEN/SUB.DG-PNP 23JUL2018,,,
CPNP Nueva esperanza,Lima,Lima,Villa maria del triunfo,Sin dato,-,,1.6665E+12,Perú: VI Censo Nacional de Comisarías 2017 - Resultados definitivos,https://sigrid.cenepred.gob.pe/sigridv3/documento/14764,https://sigrid.cenepred.gob.pe/sigridv3/storage/biblioteca/14764_img.jpg,PNP_INEI,Comisarias,,,,Ccampos,,,,,Aprobado con Resolución de Direccion General de la Policía Nacional N° 276-2018-DIRGEN/SUB.DG-PNP 23JUL2018,,,
CPNP Villa maria del triunfo,Lima,Lima,Villa maria del triunfo,Sin dato,-,,1.6665E+12,Perú: VI Censo Nacional de Comisarías 2017 - Resultados definitivos,https://sigrid.cenepred.gob.pe/sigridv3/documento/14764,https://sigrid.cenepred.gob.pe/sigridv3/storage/biblioteca/14764_img.jpg,PNP_INEI,Comisarias,,,,Ccampos,,,,,Aprobado con Resolución de Direccion General de la Policía Nacional N° 276-2018-DIRGEN/SUB.DG-PNP 23JUL2018,,,
CPNP Sagitario,Lima,Lima,Santiago de surco,Sin dato,-,,1.6665E+12,Perú: VI Censo Nacional de Comisarías 2017 - Resultados definitivos,https://sigrid.cenepred.gob.pe/sigridv3/documento/14764,https://sigrid.cenepred.gob.pe/sigridv3/storage/biblioteca/14764_img.jpg,PNP_INEI,Comisarias,,,,Ccampos,,,,,Aprobado con Resolución de Direccion General de la Policía Nacional N° 276-2018-DIRGEN/SUB.DG-PNP 23JUL2018,,,
Grau,Lima,Lima,Barranco,Plaza Espinoza No. 106,,168,,,,,PNP_INEI,,,,,,,,,,,LIMA,LIMA,BARRANCO
Olaya,Lima,Lima,Chorrillos,Av. Lima No. 223 / 227,,146,,,,,PNP_INEI,,,,,,,,,,,LIMA,LIMA,CHORRILLOS
CPNP Barranco,Lima,Lima,Barranco,Sin dato,-,,1.6665E+12,Perú: VI Censo Nacional de Comisarías 2017 - Resultados definitivos,https://sigrid.cenepred.gob.pe/sigridv3/documento/14764,https://sigrid.cenepred.gob.pe/sigridv3/storage/biblioteca/14764_img.jpg,PNP_INEI,Comisarias,,,,Ccampos,,,,,Aprobado con Resolución de Direccion General de la Policía Nacional N° 276-2018-DIRGEN/SUB.DG-PNP 23JUL2018,,,
Villa maria del triunfo,Lima,Lima,Villa Maria del Triunfo,"Salvador Allende cuadra 15 s/n (Av. Defensores de Lima, Allende 1500)",,136,,,,,PNP_INEI,,,,,,,,,,,LIMA,LIMA,VILLA MARIA DEL TRIUNFO
